{
    "id": "catalog_id:converted_glb",
    "parameters": [
        {
            "key": "material_001",
            "type": "Material",
            "labels": {
                "en": "Material 004 (converted_glb)"
            },
            "defaultValue": "catalog_id:converted_glb_Material_004",
            "validGroups": [
                "converted_glb_Material_004_catalog_id"
            ]
        },
        {
            "key": "material_002",
            "type": "Material",
            "labels": {
                "en": "Material 001 (converted_glb)"
            },
            "defaultValue": "catalog_id:converted_glb_Material_001",
            "validGroups": [
                "converted_glb_Material_001_catalog_id"
            ]
        },
        {
            "key": "material_003",
            "type": "Material",
            "labels": {
                "en": "Material 002 (converted_glb)"
            },
            "defaultValue": "catalog_id:converted_glb_Material_002",
            "validGroups": [
                "converted_glb_Material_002_catalog_id"
            ]
        },
        {
            "key": "material_004",
            "type": "Material",
            "labels": {
                "en": "Material 003 (converted_glb)"
            },
            "defaultValue": "catalog_id:converted_glb_Material_003",
            "validGroups": [
                "converted_glb_Material_003_catalog_id"
            ]
        }
    ],
    "geometry": "/* Roomle script (Roomle Blender addon version 3.0.0) */\nAddExternalMesh('catalog_id:converted_glb_Cube.001',Vector3f{1406.2,1703.1,1968.8},Vector3f{-1331.1,-2871.3,612});\nSetObjSurface(material_001);\nAddExternalMesh('catalog_id:converted_glb_Torus.001',Vector3f{2500,2500,500},Vector3f{-1135.3,1279,1109.1});\nAddExternalMesh('catalog_id:converted_glb_Cube.002',Vector3f{2000,2000,2000},Vector3f{-1000,-1000,-1000});\nSetObjSurface(material_002);\nAddExternalMesh('catalog_id:converted_glb_Cube.003',Vector3f{2000,1546,2806.4},Vector3f{-1000,-546,-1000});\nSetObjSurface(material_003);\nAddExternalMesh('catalog_id:converted_glb_Cube.005',Vector3f{1367.2,1703.1,1968.8},Vector3f{36.1,-2871.3,612});\nSetObjSurface(material_004);"
}