"active","label_de","label_en","material_id","shading","tex0_image","tex0_mapping","tex0_mmheight","tex0_mmwidth","tex0_tileable","thumbnail"
"1","Material_004","Material_004","converted_glb_Material_004","{""version"": ""2.0.0"", ""alpha"": 1.0, ""alphaCutoff"": 0, ""alphaMode"": ""OPAQUE"", ""basecolor"": {""r"": 0.8, ""g"": 0.12, ""b"": 0.09}, ""transmission"": 0.0, ""transmissionIOR"": 1.5, ""metallic"": 0.0, ""roughness"": 0.5, ""doubleSided"": true, ""occlusion"": 0, ""emissiveColor"": {""r"": 0.0, ""g"": 0.0, ""b"": 0.0}, ""emissiveIntensity"": 1.0, ""clearcoatIntensity"": 0.0, ""clearcoatRoughness"": 0.0, ""clearcoatNormalScale"": 0.0, ""sheenColor"": {""r"": 0, ""g"": 0, ""b"": 0}, ""sheenIntensity"": 0.0, ""sheenRoughness"": 0.65, ""normalScale"": 1.0, ""specularIntensity"": 0.0, ""thicknessFactor"": 0.0, ""attenuationColor"": {""r"": 0, ""g"": 0, ""b"": 0}, ""attenuationDistance"": 0.0}","","","","","",""
"1","Material_001","Material_001","converted_glb_Material_001","{""version"": ""2.0.0"", ""alpha"": 1.0, ""alphaCutoff"": 0, ""alphaMode"": ""OPAQUE"", ""basecolor"": {""r"": 0.8, ""g"": 0.03, ""b"": 0.01}, ""transmission"": 0.0, ""transmissionIOR"": 1.5, ""metallic"": 0.0, ""roughness"": 0.5, ""doubleSided"": true, ""occlusion"": 0, ""emissiveColor"": {""r"": 0.0, ""g"": 0.0, ""b"": 0.0}, ""emissiveIntensity"": 1.0, ""clearcoatIntensity"": 0.0, ""clearcoatRoughness"": 0.0, ""clearcoatNormalScale"": 0.0, ""sheenColor"": {""r"": 0, ""g"": 0, ""b"": 0}, ""sheenIntensity"": 0.0, ""sheenRoughness"": 0.65, ""normalScale"": 1.0, ""specularIntensity"": 0.0, ""thicknessFactor"": 0.0, ""attenuationColor"": {""r"": 0, ""g"": 0, ""b"": 0}, ""attenuationDistance"": 0.0}","","","","","",""
"1","Material_003","Material_003","converted_glb_Material_003","{""version"": ""2.0.0"", ""alpha"": 1.0, ""alphaCutoff"": 0, ""alphaMode"": ""OPAQUE"", ""basecolor"": {""r"": 1, ""g"": 1, ""b"": 1}, ""transmission"": 0.0, ""transmissionIOR"": 1.5, ""metallic"": 0.0, ""roughness"": 0.5, ""doubleSided"": true, ""occlusion"": 0, ""emissiveColor"": {""r"": 0.0, ""g"": 0.0, ""b"": 0.0}, ""emissiveIntensity"": 1.0, ""clearcoatIntensity"": 0.0, ""clearcoatRoughness"": 0.0, ""clearcoatNormalScale"": 0.0, ""sheenColor"": {""r"": 0, ""g"": 0, ""b"": 0}, ""sheenIntensity"": 0.0, ""sheenRoughness"": 0.65, ""normalScale"": 1.0, ""specularIntensity"": 0.0, ""thicknessFactor"": 0.0, ""attenuationColor"": {""r"": 0, ""g"": 0, ""b"": 0}, ""attenuationDistance"": 0.0}","zip://Untitled.png","RGBA","1","1","True","zip://Untitled.png"
"1","Material_002","Material_002","converted_glb_Material_002","{""version"": ""2.0.0"", ""alpha"": 1.0, ""alphaCutoff"": 0, ""alphaMode"": ""OPAQUE"", ""basecolor"": {""r"": 0.07, ""g"": 0.8, ""b"": 0.01}, ""transmission"": 0.0, ""transmissionIOR"": 1.5, ""metallic"": 0.0, ""roughness"": 0.5, ""doubleSided"": true, ""occlusion"": 0, ""emissiveColor"": {""r"": 0.0, ""g"": 0.0, ""b"": 0.0}, ""emissiveIntensity"": 1.0, ""clearcoatIntensity"": 0.0, ""clearcoatRoughness"": 0.0, ""clearcoatNormalScale"": 0.0, ""sheenColor"": {""r"": 0, ""g"": 0, ""b"": 0}, ""sheenIntensity"": 0.0, ""sheenRoughness"": 0.65, ""normalScale"": 1.0, ""specularIntensity"": 0.0, ""thicknessFactor"": 0.0, ""attenuationColor"": {""r"": 0, ""g"": 0, ""b"": 0}, ""attenuationDistance"": 0.0}","","","","","",""
